epoch,kl_loss,recon_loss,train_loss,val_loss
1,1483.326172,0.0054,0.00683640968054533,0.006233234491631173
2,1416.155396,0.0041,0.005564466118812561,0.004494436981115976
3,1347.787842,0.0037,0.005046570673584938,0.0037933968790415406
4,1518.432129,0.0043,0.005805509630590677,0.0033721840245298285
5,1310.571045,0.0027,0.004000162705779076,0.002910917559031235
6,1366.138184,0.0031,0.0044545140117406845,0.0028883237324223137
7,1332.230225,0.0025,0.0038612333592027426,0.0024849685108073163
8,1286.853271,0.0025,0.00376882404088974,0.0026071086471927338

