epoch,train_loss,val_loss
1,0.00683640968054533,0.006233234491631173
2,0.005564466118812561,0.004494436981115976
3,0.005046570673584938,0.0037933968790415406
4,0.005805509630590677,0.0033721840245298285
5,0.004000162705779076,0.002910917559031235
6,0.0044545140117406845,0.0028883237324223137
7,0.0038612333592027426,0.0024849685108073163
8,0.00376882404088974,0.0026071086471927338
